{"Mods":[{"Author":"D3s0x","Name":"Preemptively Label Containers GER","Folder":"PreemptivelyLabelContainers","Version":"108227128545247232","Description":"Append 'Empty' or number count to containers' names when you are near them. Supports user-defined filters, is localized, and configurable via MCM.","UUID":"e97f57d6-2e34-46f7-9a39-ea1a4407f868","Created":"2024-10-26T14:34:10.2278091+02:00","Dependencies":[],"Group":"37a357e5-b62d-4f98-b183-b2165f05878e"}],"MD5":"0c7bb4a476b73c64df4c6082ec297b9f"}