{"Mods":[{"Author":"D3s0x","Name":"ColorPresetsAsDyes GER","Folder":"ColorPresetsAsDyes","Version":"108367866033602560","Description":"Color presets of armor and clothing made available as dyes. Notably includes color themes of companion outfits - including epilogue outfits - and color themes of each class starting armor.","UUID":"00163b5d-b522-4805-b71f-f4f28b539f5f","Created":"2024-10-26T16:05:15.1682225+02:00","Dependencies":[],"Group":"32aa7b4b-b9ab-4208-bc1a-56b6016676c3"}],"MD5":"e1833e4d3a02cc37083343b5ab6b4f6b"}